{
	"configuration": {
		"className": "com.liferay.headless.admin.workflow.dto.v1_0.WorkflowDefinition",
		"parameters": {
			"containsHeaders": "true",
			"createStrategy": "INSERT",
			"onErrorFail": "false",
			"updateStrategy": "UPDATE"
		},
		"taskItemDelegateName": "DEFAULT"
	},
	"items": [
		{
			"active": true,
			"content": {
				"#child-nodes": [
					{
						"#tag-name": "name",
						"#value": "Distribution Manager Approval"
					},
					{
						"#tag-name": "description",
						"#value": "An automated approval process that requires manager review when specified."
					},
					{
						"#tag-name": "version",
						"#value": "1"
					},
					{
						"#child-nodes": [
							{
								"#tag-name": "name",
								"#value": "start"
							},
							{
								"#tag-name": "description",
								"#value": "Begin a workflow."
							},
							{
								"#cdata-value": [
									"{",
									"    \"xy\": [",
									"        165,",
									"        73",
									"    ]",
									"}"
								],
								"#tag-name": "metadata"
							},
							{
								"#tag-name": "initial",
								"#value": "true"
							},
							{
								"#child-nodes": [
									{
										"#tag-name": "label",
										"#value": "Start",
										"language-id": "en_US"
									}
								],
								"#tag-name": "labels"
							},
							{
								"#child-nodes": [
									{
										"#child-nodes": [
											{
												"#child-nodes": [
													{
														"#tag-name": "label",
														"#value": "Initial Review",
														"language-id": "en_US"
													}
												],
												"#tag-name": "labels"
											},
											{
												"#tag-name": "name",
												"#value": "initial-review"
											},
											{
												"#tag-name": "target",
												"#value": "machine-review"
											},
											{
												"#tag-name": "default",
												"#value": "true"
											}
										],
										"#tag-name": "transition"
									}
								],
								"#tag-name": "transitions"
							}
						],
						"#tag-name": "state"
					},
					{
						"#child-nodes": [
							{
								"#tag-name": "name",
								"#value": "approved"
							},
							{
								"#tag-name": "description",
								"#value": "Conclude the workflow."
							},
							{
								"#cdata-value": [
									"{",
									"    \"terminal\": true,",
									"    \"xy\": [",
									"        648.683349609375,",
									"        303.63330078125",
									"    ]",
									"}"
								],
								"#tag-name": "metadata"
							},
							{
								"#child-nodes": [
									{
										"#child-nodes": [
											{
												"#tag-name": "name",
												"#value": "approve"
											},
											{
												"#tag-name": "status",
												"#value": "0"
											},
											{
												"#tag-name": "execution-type",
												"#value": "onEntry"
											}
										],
										"#tag-name": "action"
									}
								],
								"#tag-name": "actions"
							},
							{
								"#child-nodes": [
									{
										"#tag-name": "label",
										"#value": "Approved",
										"language-id": "en_US"
									}
								],
								"#tag-name": "labels"
							}
						],
						"#tag-name": "state"
					},
					{
						"#child-nodes": [
							{
								"#tag-name": "name",
								"#value": "update"
							},
							{
								"#tag-name": "description",
								"#value": "Ask a user to work on the item."
							},
							{
								"#cdata-value": [
									"{",
									"    \"xy\": [",
									"        162.70001220703125,",
									"        555.2333374023438",
									"    ]",
									"}"
								],
								"#tag-name": "metadata"
							},
							{
								"#child-nodes": [
									{
										"#child-nodes": [
											{
												"#tag-name": "name",
												"#value": "deny"
											},
											{
												"#tag-name": "status",
												"#value": "4"
											},
											{
												"#tag-name": "priority",
												"#value": "1"
											},
											{
												"#tag-name": "execution-type",
												"#value": "onAssignment"
											}
										],
										"#tag-name": "action"
									},
									{
										"#child-nodes": [
											{
												"#tag-name": "name",
												"#value": "pending"
											},
											{
												"#tag-name": "status",
												"#value": "1"
											},
											{
												"#tag-name": "priority",
												"#value": "2"
											},
											{
												"#tag-name": "execution-type",
												"#value": "onAssignment"
											}
										],
										"#tag-name": "action"
									},
									{
										"#child-nodes": [
											{
												"#tag-name": "name",
												"#value": "Creator Modification Notification"
											},
											{
												"#cdata-value": [
													"Your submission was rejected by ${userName}, please modify and resubmit."
												],
												"#tag-name": "template"
											},
											{
												"#tag-name": "template-language",
												"#value": "freemarker"
											},
											{
												"#tag-name": "notification-type",
												"#value": "email"
											},
											{
												"#tag-name": "notification-type",
												"#value": "user-notification"
											},
											{
												"#child-nodes": [
													{
														"#tag-name": "user"
													}
												],
												"#tag-name": "recipients",
												"receptionType": "to"
											},
											{
												"#tag-name": "execution-type",
												"#value": "onAssignment"
											}
										],
										"#tag-name": "notification"
									}
								],
								"#tag-name": "actions"
							},
							{
								"#child-nodes": [
									{
										"#child-nodes": [
											{
												"#child-nodes": [
													{
														"#tag-name": "role-type",
														"#value": "regular"
													},
													{
														"#tag-name": "name",
														"#value": "Business Development Manager"
													}
												],
												"#tag-name": "role"
											}
										],
										"#tag-name": "roles"
									}
								],
								"#tag-name": "assignments"
							},
							{
								"#child-nodes": [
									{
										"#tag-name": "label",
										"#value": "Update",
										"language-id": "en_US"
									}
								],
								"#tag-name": "labels"
							},
							{
								"#child-nodes": [
									{
										"#child-nodes": [
											{
												"#child-nodes": [
													{
														"#tag-name": "label",
														"#value": "Resubmit",
														"language-id": "en_US"
													}
												],
												"#tag-name": "labels"
											},
											{
												"#tag-name": "name",
												"#value": "resubmit"
											},
											{
												"#tag-name": "target",
												"#value": "manager-review"
											},
											{
												"#tag-name": "default",
												"#value": "true"
											}
										],
										"#tag-name": "transition"
									}
								],
								"#tag-name": "transitions"
							}
						],
						"#tag-name": "task"
					},
					{
						"#child-nodes": [
							{
								"#tag-name": "name",
								"#value": "machine-review"
							},
							{
								"#tag-name": "description",
								"#value": "Machine Action reviews this entry."
							},
							{
								"#cdata-value": [
									"{",
									"    \"xy\": [",
									"        163,",
									"        229",
									"    ]",
									"}"
								],
								"#tag-name": "metadata"
							},
							{
								"#child-nodes": [
									{
										"#child-nodes": [
											{
												"#tag-name": "name",
												"#value": "Machine Action"
											},
											{
												"#tag-name": "script"
											},
											{
												"#tag-name": "script-language",
												"#value": "function#liferay-clarity-etc-spring-boot-workflow-action-application"
											},
											{
												"#tag-name": "priority",
												"#value": "1"
											},
											{
												"#tag-name": "execution-type",
												"#value": "onEntry"
											}
										],
										"#tag-name": "action"
									},
									{
										"#child-nodes": [
											{
												"#tag-name": "name",
												"#value": "Review Notification"
											},
											{
												"#cdata-value": [
													"${userName} sent you a ${entryType} for review in the workflow."
												],
												"#tag-name": "template"
											},
											{
												"#tag-name": "template-language",
												"#value": "freemarker"
											},
											{
												"#tag-name": "notification-type",
												"#value": "user-notification"
											},
											{
												"#child-nodes": [
													{
														"#tag-name": "assignees"
													}
												],
												"#tag-name": "recipients",
												"receptionType": "to"
											},
											{
												"#tag-name": "execution-type",
												"#value": "onAssignment"
											}
										],
										"#tag-name": "notification"
									}
								],
								"#tag-name": "actions"
							},
							{
								"#child-nodes": [
									{
										"#child-nodes": [
											{
												"#tag-name": "email-address",
												"#value": "admin@clarityvisionsolutions.com"
											}
										],
										"#tag-name": "user"
									}
								],
								"#tag-name": "assignments"
							},
							{
								"#child-nodes": [
									{
										"#tag-name": "label",
										"#value": "Machine Review",
										"language-id": "en_US"
									}
								],
								"#tag-name": "labels"
							},
							{
								"#child-nodes": [
									{
										"#child-nodes": [
											{
												"#child-nodes": [
													{
														"#tag-name": "label",
														"#value": "Auto Approve",
														"language-id": "en_US"
													}
												],
												"#tag-name": "labels"
											},
											{
												"#tag-name": "name",
												"#value": "auto-approve"
											},
											{
												"#tag-name": "target",
												"#value": "approved"
											},
											{
												"#tag-name": "default",
												"#value": "true"
											}
										],
										"#tag-name": "transition"
									},
									{
										"#child-nodes": [
											{
												"#child-nodes": [
													{
														"#tag-name": "label",
														"#value": "Review",
														"language-id": "en_US"
													}
												],
												"#tag-name": "labels"
											},
											{
												"#tag-name": "name",
												"#value": "review"
											},
											{
												"#tag-name": "target",
												"#value": "manager-review"
											},
											{
												"#tag-name": "default",
												"#value": "false"
											}
										],
										"#tag-name": "transition"
									}
								],
								"#tag-name": "transitions"
							}
						],
						"#tag-name": "task"
					},
					{
						"#child-nodes": [
							{
								"#tag-name": "name",
								"#value": "manager-review"
							},
							{
								"#tag-name": "description",
								"#value": "Ask a user to work on the item."
							},
							{
								"#cdata-value": [
									"{",
									"    \"xy\": [",
									"        162.58331298828125,",
									"        383.86669921875",
									"    ]",
									"}"
								],
								"#tag-name": "metadata"
							},
							{
								"#child-nodes": [
									{
										"#child-nodes": [
											{
												"#tag-name": "name",
												"#value": "Review Notification"
											},
											{
												"#cdata-value": [
													"${userName} sent you a ${entryType} for review in the workflow."
												],
												"#tag-name": "template"
											},
											{
												"#tag-name": "template-language",
												"#value": "freemarker"
											},
											{
												"#tag-name": "notification-type",
												"#value": "user-notification"
											},
											{
												"#child-nodes": [
													{
														"#tag-name": "assignees"
													}
												],
												"#tag-name": "recipients",
												"receptionType": "to"
											},
											{
												"#tag-name": "execution-type",
												"#value": "onAssignment"
											}
										],
										"#tag-name": "notification"
									}
								],
								"#tag-name": "actions"
							},
							{
								"#child-nodes": [
									{
										"#child-nodes": [
											{
												"#child-nodes": [
													{
														"#tag-name": "role-type",
														"#value": "regular"
													},
													{
														"#tag-name": "name",
														"#value": "Business Development Manager"
													}
												],
												"#tag-name": "role"
											}
										],
										"#tag-name": "roles"
									}
								],
								"#tag-name": "assignments"
							},
							{
								"#child-nodes": [
									{
										"#tag-name": "label",
										"#value": "Manager Review",
										"language-id": "en_US"
									}
								],
								"#tag-name": "labels"
							},
							{
								"#child-nodes": [
									{
										"#child-nodes": [
											{
												"#child-nodes": [
													{
														"#tag-name": "label",
														"#value": "Reject",
														"language-id": "en_US"
													}
												],
												"#tag-name": "labels"
											},
											{
												"#tag-name": "name",
												"#value": "reject"
											},
											{
												"#tag-name": "target",
												"#value": "update"
											},
											{
												"#tag-name": "default",
												"#value": "false"
											}
										],
										"#tag-name": "transition"
									},
									{
										"#child-nodes": [
											{
												"#child-nodes": [
													{
														"#tag-name": "label",
														"#value": "Approve",
														"language-id": "en_US"
													}
												],
												"#tag-name": "labels"
											},
											{
												"#tag-name": "name",
												"#value": "approve"
											},
											{
												"#tag-name": "target",
												"#value": "approved"
											},
											{
												"#tag-name": "default",
												"#value": "true"
											}
										],
										"#tag-name": "transition"
									}
								],
								"#tag-name": "transitions"
							}
						],
						"#tag-name": "task"
					}
				],
				"#tag-name": "workflow-definition",
				"xmlns": "urn:liferay.com:liferay-workflow_7.4.0",
				"xmlns:xsi": "http://www.w3.org/2001/XMLSchema-instance",
				"xsi:schemaLocation": "urn:liferay.com:liferay-workflow_7.4.0 http://www.liferay.com/dtd/liferay-workflow-definition_7_4_0.xsd"
			},
			"description": "An automated approval process that requires manager review when specified.",
			"name": "Distribution Manager Approval",
			"nodes": [
				{
					"label": "Approved",
					"name": "approved",
					"type": "TERMINAL_STATE"
				},
				{
					"label": "Manager Review",
					"name": "manager-review",
					"type": "TASK"
				},
				{
					"label": "Machine Review",
					"name": "machine-review",
					"type": "TASK"
				},
				{
					"label": "Start",
					"name": "start",
					"type": "INITIAL_STATE"
				},
				{
					"label": "Update",
					"name": "update",
					"type": "TASK"
				}
			],
			"title": "Distribution Manager Approval",
			"title_i18n": {
				"en_US": "Distribution Manager Approval"
			},
			"transitions": [
				{
					"label": "Approve",
					"name": "approve",
					"sourceNodeName": "manager-review",
					"targetNodeName": "approved"
				},
				{
					"label": "Auto Approve",
					"name": "auto-approve",
					"sourceNodeName": "machine-review",
					"targetNodeName": "approved"
				},
				{
					"label": "Initial Review",
					"name": "initial-review",
					"sourceNodeName": "start",
					"targetNodeName": "machine-review"
				},
				{
					"label": "Reject",
					"name": "reject",
					"sourceNodeName": "manager-review",
					"targetNodeName": "update"
				},
				{
					"label": "Review",
					"name": "review",
					"sourceNodeName": "machine-review",
					"targetNodeName": "manager-review"
				},
				{
					"label": "Resubmit",
					"name": "resubmit",
					"sourceNodeName": "update",
					"targetNodeName": "manager-review"
				}
			],
			"version": "1"
		}
	]
}